<?xml version="1.0" encoding="UTF-8"?>
<OpenSimDocument Version="20302">
	<ForwardTool name="subject01_walk1">
	<!--Name of the .osim file used to construct a model.-->
	<model_file> subject01_simbody_adjusted.osim </model_file>
		<!--Replace the model's force set with sets specified in
		    <force_set_files>? If false, the force set is appended to.-->
		<replace_force_set> false </replace_force_set>
		<!--List of xml files used to construct an force set for the model.-->
		<force_set_files> gait2392_CMC_Actuators.xml </force_set_files>
	<!--Directory used for writing results.-->
	<results_directory> ResultsForward </results_directory>
		<!--Output precision.  It is 20 by default.-->
	<output_precision> 20 </output_precision>
	<!--Initial time for the simulation.-->
		<initial_time>       0.80000000 </initial_time>
	<!--Final time for the simulation.-->
		<final_time>       1.18000000 </final_time>
		<!--Flag indicating whether or not to compute equilibrium values for
		    states other than the coordinates or speeds.  For example, equilibrium
		    muscle fiber lengths or muscle forces.-->
		<solve_for_equilibrium_for_auxiliary_states> false </solve_for_equilibrium_for_auxiliary_states>
	<!--Maximum number of integrator steps.-->
	<maximum_number_of_integrator_steps> 30000 </maximum_number_of_integrator_steps>
	<!--Maximum integration step size.-->
		<maximum_integrator_step_size>       1.00000000 </maximum_integrator_step_size>
		<!--Minimum integration step size.-->
		<minimum_integrator_step_size>       0.00000100 </minimum_integrator_step_size>
	<!--Integrator error tolerance. When the error is greater, the integrator
	    step size is decreased.-->
		<integrator_error_tolerance>       0.00005000 </integrator_error_tolerance>
	<!--Set of analyses to be run during the investigation.-->
	<AnalysisSet name="Analyses">
		<objects>
			<Kinematics name="Kinematics">
				<!--Flag (true or false) specifying whether whether on. True by default.-->
				<on> true </on>
					<!--Start time.-->
					<start_time>       0.80000000 </start_time>
					<!--End time.-->
					<end_time>       1.18000000 </end_time>
				<!--Specifies how often to store results during a simulation. More
				    specifically, the interval (a positive integer) specifies how many
				    successful integration steps should be taken before results are
				    recorded again.-->
				<step_interval> 10 </step_interval>
				<!--Flag (true or false) indicating whether the results are in degrees or
				    not.-->
				<in_degrees> true </in_degrees>
					<!--Names of generalized coordinates to record kinematics for.  Use 'all'
					    to record all coordinates.-->
					<coordinates> all </coordinates>
			</Kinematics>
			<Actuation name="Actuation">
				<!--Flag (true or false) specifying whether whether on. True by default.-->
				<on> true </on>
					<!--Start time.-->
					<start_time>       0.80000000 </start_time>
					<!--End time.-->
					<end_time>       1.18000000 </end_time>
				<!--Specifies how often to store results during a simulation. More
				    specifically, the interval (a positive integer) specifies how many
				    successful integration steps should be taken before results are
				    recorded again.-->
				<step_interval> 10 </step_interval>
				<!--Flag (true or false) indicating whether the results are in degrees or
				    not.-->
				<in_degrees> true </in_degrees>
			</Actuation>
			<BodyKinematics name="BodyKinematics">
				<!--Flag (true or false) specifying whether whether on. True by default.-->
				<on> true </on>
					<!--Start time.-->
					<start_time>       0.80000000 </start_time>
					<!--End time.-->
					<end_time>       1.18000000 </end_time>
				<!--Specifies how often to store results during a simulation. More
				    specifically, the interval (a positive integer) specifies how many
				    successful integration steps should be taken before results are
				    recorded again.-->
				<step_interval> 10 </step_interval>
				<!--Flag (true or false) indicating whether the results are in degrees or
				    not.-->
				<in_degrees> true </in_degrees>
					<!--Names of bodies to record kinematics for.  Use 'all' to record all
					    bodies.  The special name 'center_of_mass' refers to the combined
					    center of mass.-->
					<bodies> all </bodies>
					<!--Flag (true or false) indicating whether to express results in the
					    global frame or local-frames of the bodies. Body positions and center
					    of mass results are always given in the global frame. This flag is set
					    to false by default.-->
					<express_results_in_body_local_frame> false </express_results_in_body_local_frame>
			</BodyKinematics>
			<MuscleAnalysis name="MuscleAnalysis">
					<!--Flag (true or false) specifying whether whether on. True by default.-->
				<on> false </on>
					<!--Start time.-->
					<start_time> -infinity </start_time>
					<!--End time.-->
					<end_time> infinity </end_time>
					<!--Specifies how often to store results during a simulation. More
					    specifically, the interval (a positive integer) specifies how many
					    successful integration steps should be taken before results are
					    recorded again.-->
				<step_interval> 1 </step_interval>
					<!--Flag (true or false) indicating whether the results are in degrees or
					    not.-->
				<in_degrees> true </in_degrees>
					<!--List of muscles for which to perform the analysis. Use 'all' to
					    perform the analysis for all muscles.-->
				<muscle_list> med_gas_r lat_gas_r soleus_r </muscle_list>
					<!--List of generalized coordinates for which to compute moment arms. Use
					    'all' to compute for all coordinates.-->
				<moment_arm_coordinate_list> hip_flexion_r knee_angle_r ankle_angle_r </moment_arm_coordinate_list>
					<!--Flag indicating whether moments should be computed.-->
					<compute_moments> false </compute_moments>
			</MuscleAnalysis>
		</objects>
			<groups/>
	</AnalysisSet>
		<!--Controller objects in the model.-->
		<ControllerSet name="Controllers">
			<objects>
				<ControlSetController name="">
					<!--A list of actuators that this controller will control.The keyword ALL
					    indicates the controller will controll all the acuators in the model-->
					<actuator_list> </actuator_list>
					<!--Flag (true or false) indicating whether or not the controller is
					    disabled.-->
					<isDisabled> false </isDisabled>
					<!--XML file containing the controls for the controlSet.-->
	<controls_file> ResultsCMC/subject01_walk1_controls.xml </controls_file>
				</ControlSetController>
				<CorrectionController name="">
					<!--A list of actuators that this controller will control.The keyword ALL
					    indicates the controller will controll all the acuators in the model-->
					<actuator_list> </actuator_list>
					<!--Flag (true or false) indicating whether or not the controller is
					    disabled.-->
					<isDisabled> false </isDisabled>
					<!--Gain for position errors-->
					<kp>      16.00000000 </kp>
					<!--Gain for velocity errors-->
					<kv>       8.00000000 </kv>
				</CorrectionController>
			</objects>
			<groups/>
		</ControllerSet>
		<!--XML file (.xml) containing the forces applied to the model as
		    ExternalLoads.-->
		<external_loads_file> subject01_walk1_grf.xml </external_loads_file>
	<!--Storage file (.sto) containing the initial states for the forward
	    simulation. This file often contains multiple rows of data, each row
	    being a time-stamped array of states. The first column contains the
	    time.  The rest of the columns contain the states in the order
	    appropriate for the model. In a storage file, unlike a motion file
	    (.mot), non-uniform time spacing is allowed.  If the user-specified
	    initial time for a simulation does not correspond exactly to one of
	    the time stamps in this file, inerpolation is NOT used because it is
	    usually necessary to being a simulation from an exact set of states.
		    Instead, the closest earlier set of states is used. Having a states
		    file that contains the entire trajectory of a simulations allows for
		    corrective springs for perturbation analysis to be added.-->
	<states_file> ResultsCMC/subject01_walk1_states.sto </states_file>
	<!--Flag (true or false) indicating whether or not the integrator should
	    use a particular time stepping.  If true, the time stepping is
	    extracted from the initial states file.  In this situation, therefore,
	    the initial states file must contain all the time steps in a
	    simulation and be written out to high precision (usually 20 decimal
	    places).  Setting this flag to true can be useful when reproducing a
	    previous forward simulation with as little drift as possible.  If this
	    flag is false, the integrator is left to determine its own time
	    stepping.-->
		<use_specified_dt> false </use_specified_dt>
	</ForwardTool>
</OpenSimDocument>

