<?xml version="1.0" encoding="UTF-8" ?>
<OpenSimDocument Version="40000">
	<InverseKinematicsTool>
		<!--Directory used for writing results.-->
		<results_directory>./</results_directory>
		<!--Directory for input files-->
		<input_directory />
		<!--Name of the model file (.osim) to use for inverse kinematics.-->
		<model_file>test.osim</model_file>
		<!--A positive scalar that weights the relative importance of satisfying constraints. A weighting of 'Infinity' (the default) results in the constraints being strictly enforced. Otherwise, the weighted-squared constraint errors are appended to the cost function.-->
		<constraint_weight>Inf</constraint_weight>
		<!--The accuracy of the solution in absolute terms. Default is 1e-5. It determines the number of significant digits to which the solution can be trusted.-->
		<accuracy>1.0000000000000001e-05</accuracy>
		<!--Markers and coordinates to be considered (tasks) and their weightings. The sum of weighted-squared task errors composes the cost function.-->
		<IKTaskSet>
			<objects>
				<IKMarkerTask name="XIPH">
					<!--Whether or not this task will be used during inverse kinematics solve.-->
					<apply>true</apply>
					<!--Weight given to a marker or coordinate for solving inverse kinematics problems.-->
					<weight>.0001</weight>
				</IKMarkerTask>
				<IKMarkerTask name="JN">
					<!--Whether or not this task will be used during inverse kinematics solve.-->
					<apply>true</apply>
					<!--Weight given to a marker or coordinate for solving inverse kinematics problems.-->
					<weight>.0001</weight>
				</IKMarkerTask>
				<IKMarkerTask name="T10">
					<!--Whether or not this task will be used during inverse kinematics solve.-->
					<apply>true</apply>
					<!--Weight given to a marker or coordinate for solving inverse kinematics problems.-->
					<weight>.0001</weight>
				</IKMarkerTask>
				<IKMarkerTask name="C7">
					<!--Whether or not this task will be used during inverse kinematics solve.-->
					<apply>true</apply>
					<!--Weight given to a marker or coordinate for solving inverse kinematics problems.-->
					<weight>1</weight>
				</IKMarkerTask>
				<IKMarkerTask name="RASIS">
					<!--Whether or not this task will be used during inverse kinematics solve.-->
					<apply>true</apply>
					<!--Weight given to a marker or coordinate for solving inverse kinematics problems.-->
					<weight>10</weight>
				</IKMarkerTask>
				<IKMarkerTask name="LASIS">
					<!--Whether or not this task will be used during inverse kinematics solve.-->
					<apply>true</apply>
					<!--Weight given to a marker or coordinate for solving inverse kinematics problems.-->
					<weight>10</weight>
				</IKMarkerTask>
				<IKMarkerTask name="RPSIS">
					<!--Whether or not this task will be used during inverse kinematics solve.-->
					<apply>true</apply>
					<!--Weight given to a marker or coordinate for solving inverse kinematics problems.-->
					<weight>10</weight>
				</IKMarkerTask>
				<IKMarkerTask name="LPSIS">
					<!--Whether or not this task will be used during inverse kinematics solve.-->
					<apply>true</apply>
					<!--Weight given to a marker or coordinate for solving inverse kinematics problems.-->
					<weight>10</weight>
				</IKMarkerTask>
				<IKMarkerTask name="RLTHI">
					<!--Whether or not this task will be used during inverse kinematics solve.-->
					<apply>true</apply>
					<!--Weight given to a marker or coordinate for solving inverse kinematics problems.-->
					<weight>.0001</weight>
				</IKMarkerTask>
				<IKMarkerTask name="RLEK">
					<!--Whether or not this task will be used during inverse kinematics solve.-->
					<apply>true</apply>
					<!--Weight given to a marker or coordinate for solving inverse kinematics problems.-->
					<weight>1</weight>
				</IKMarkerTask>
				<IKMarkerTask name="RMEK">
					<!--Whether or not this task will be used during inverse kinematics solve.-->
					<apply>true</apply>
					<!--Weight given to a marker or coordinate for solving inverse kinematics problems.-->
					<weight>1</weight>
				</IKMarkerTask>
				<IKMarkerTask name="RLSHA">
					<!--Whether or not this task will be used during inverse kinematics solve.-->
					<apply>true</apply>
					<!--Weight given to a marker or coordinate for solving inverse kinematics problems.-->
					<weight>.0001</weight>
				</IKMarkerTask>
				<IKMarkerTask name="RLM">
					<!--Whether or not this task will be used during inverse kinematics solve.-->
					<apply>true</apply>
					<!--Weight given to a marker or coordinate for solving inverse kinematics problems.-->
					<weight>10</weight>
				</IKMarkerTask>
				<IKMarkerTask name="RMM">
					<!--Whether or not this task will be used during inverse kinematics solve.-->
					<apply>true</apply>
					<!--Weight given to a marker or coordinate for solving inverse kinematics problems.-->
					<weight>10</weight>
				</IKMarkerTask>
				<IKMarkerTask name="RHEE">
					<!--Whether or not this task will be used during inverse kinematics solve.-->
					<apply>true</apply>
					<!--Weight given to a marker or coordinate for solving inverse kinematics problems.-->
					<weight>10</weight>
				</IKMarkerTask>
				<IKMarkerTask name="RMT5">
					<!--Whether or not this task will be used during inverse kinematics solve.-->
					<apply>true</apply>
					<!--Weight given to a marker or coordinate for solving inverse kinematics problems.-->
					<weight>5</weight>
				</IKMarkerTask>
				<IKMarkerTask name="RMT2">
					<!--Whether or not this task will be used during inverse kinematics solve.-->
					<apply>true</apply>
					<!--Weight given to a marker or coordinate for solving inverse kinematics problems.-->
					<weight>2</weight>
				</IKMarkerTask>
				<IKMarkerTask name="LLTHI">
					<!--Whether or not this task will be used during inverse kinematics solve.-->
					<apply>true</apply>
					<!--Weight given to a marker or coordinate for solving inverse kinematics problems.-->
					<weight>1</weight>
				</IKMarkerTask>
				<IKMarkerTask name="LLEK">
					<!--Whether or not this task will be used during inverse kinematics solve.-->
					<apply>true</apply>
					<!--Weight given to a marker or coordinate for solving inverse kinematics problems.-->
					<weight>1</weight>
				</IKMarkerTask>
				<IKMarkerTask name="LMEK">
					<!--Whether or not this task will be used during inverse kinematics solve.-->
					<apply>true</apply>
					<!--Weight given to a marker or coordinate for solving inverse kinematics problems.-->
					<weight>1</weight>
				</IKMarkerTask>
				<IKMarkerTask name="LLSHA">
					<!--Whether or not this task will be used during inverse kinematics solve.-->
					<apply>true</apply>
					<!--Weight given to a marker or coordinate for solving inverse kinematics problems.-->
					<weight>.0001</weight>
				</IKMarkerTask>
				<IKMarkerTask name="LLM">
					<!--Whether or not this task will be used during inverse kinematics solve.-->
					<apply>true</apply>
					<!--Weight given to a marker or coordinate for solving inverse kinematics problems.-->
					<weight>10</weight>
				</IKMarkerTask>
				<IKMarkerTask name="LMM">
					<!--Whether or not this task will be used during inverse kinematics solve.-->
					<apply>true</apply>
					<!--Weight given to a marker or coordinate for solving inverse kinematics problems.-->
					<weight>10</weight>
				</IKMarkerTask>
				<IKMarkerTask name="LHEE">
					<!--Whether or not this task will be used during inverse kinematics solve.-->
					<apply>true</apply>
					<!--Weight given to a marker or coordinate for solving inverse kinematics problems.-->
					<weight>10</weight>
				</IKMarkerTask>
				<IKMarkerTask name="LMT5">
					<!--Whether or not this task will be used during inverse kinematics solve.-->
					<apply>true</apply>
					<!--Weight given to a marker or coordinate for solving inverse kinematics problems.-->
					<weight>5</weight>
				</IKMarkerTask>
				<IKMarkerTask name="LMT2">
					<!--Whether or not this task will be used during inverse kinematics solve.-->
					<apply>true</apply>
					<!--Weight given to a marker or coordinate for solving inverse kinematics problems.-->
					<weight>5</weight>
				</IKMarkerTask>
				
			</objects>
			<groups />
		</IKTaskSet>
		<!--TRC file (.trc) containing the time history of observations of marker positions obtained during a motion capture experiment. Markers in this file that have a corresponding task and model marker are included.-->
		<marker_file></marker_file>
		<!--The name of the storage (.sto or .mot) file containing the time history of coordinate observations. Coordinate values from this file are included if there is a corresponding model coordinate and task. -->
		<coordinate_file></coordinate_file>
		<!--The desired time range over which inverse kinematics is solved. The closest start and final times from the provided observations are used to specify the actual time range to be processed.-->
		<time_range> 0 7</time_range>
		<!--Flag (true or false) indicating whether or not to report marker errors from the inverse kinematics solution.-->
		<report_errors>true</report_errors>
		<!--Name of the resulting inverse kinematics motion (.mot) file.-->
		<output_motion_file></output_motion_file>
		<!--Flag indicating whether or not to report model marker locations. Note, model marker locations are expressed in Ground.-->
		<report_marker_locations>false</report_marker_locations>
	</InverseKinematicsTool>
</OpenSimDocument>
