<?xml version="1.0" encoding="UTF-8"?>
<ActuatorSet name="gait2392_CMC">

	<defaults>

		<PointActuator name="default">
			<max_force> 10000.000 </max_force>
			<min_force> -10000.000 </min_force>
			<optimal_force> 1000.00000000 </optimal_force>
			<body> </body>
			<point> 0.000 0.000 0.000 </point>
			<direction> 1.000 0.000 0.000 </direction>
		</PointActuator>

		<TorqueActuator> name="default">
			<max_force> 1000.000 </max_force>
			<min_force> -1000.000 </min_force>
			<optimal_force> 300.00000000 </optimal_force>
			<bodyA> </bodyA>
			<axis> 1.000 0.000 0.000 </axis>
			<bodyB> </bodyB>
		</TorqueActuator>>

		<CoordinateActuator name="default">
			<max_force> 1000.000 </max_force>
			<min_force> -1000.000 </min_force>
			<optimal_force> 300.00000000 </optimal_force>
			<coordinate> </coordinate>
		</CoordinateActuator>

	</defaults>

	<objects>

		<!-- Residuals -->

		<PointActuator name="FX">
			<optimal_force> 100000 </optimal_force>
			<body> pelvis </body>
			<point> -0.06077104 0.00000000 0.00000000 </point>
			<point_is_global> false </point_is_global>
			<direction> 1 0 0 </direction>
			<force_is_global> true </force_is_global>
		</PointActuator>

		<PointActuator name="FY">
			<optimal_force> 100000 </optimal_force>
			<body> pelvis </body>
			<point> -0.06077104 0.00000000 0.00000000 </point>
			<point_is_global> false </point_is_global>
			<direction> 0 1 0 </direction>
			<force_is_global> true </force_is_global>
		</PointActuator>

		<PointActuator name="FZ">
			<optimal_force> 100000 </optimal_force>
			<body> pelvis </body>
			<point> -0.06077104 0.00000000 0.00000000 </point>
			<point_is_global> false </point_is_global>
			<direction> 0 0 1 </direction>
			<force_is_global> true </force_is_global>
		</PointActuator>

		<TorqueActuator name="MX">
			<optimal_force> 80000 </optimal_force>
			<bodyA> pelvis </bodyA>
			<axis> 1 0 0 </axis>
			<bodyB> ground </bodyB>
		</TorqueActuator>

		<TorqueActuator name="MY">
			<optimal_force> 80000 </optimal_force>
			<bodyA> pelvis </bodyA>
			<axis> 0 1 0 </axis>
			<bodyB> ground </bodyB>
		</TorqueActuator>

		<TorqueActuator name="MZ">
			<optimal_force> 80000 </optimal_force>
			<bodyA> pelvis </bodyA>
			<axis> 0 0 1 </axis>
			<bodyB> ground </bodyB>
		</TorqueActuator>


		<!-- Reserve Actuators -->

		<CoordinateActuator name="hip_flexion_r_reserve">
			<coordinate> hip_flexion_r </coordinate>
			<optimal_force> 50 </optimal_force>
		</CoordinateActuator>
		
		<CoordinateActuator name="hip_adduction_r_reserve">
			<coordinate> hip_adduction_r </coordinate>
			<optimal_force> 20 </optimal_force>
		</CoordinateActuator>

		<CoordinateActuator name="hip_rotation_r_reserve">
			<coordinate> hip_rotation_r </coordinate>
			<optimal_force> 20 </optimal_force>
		</CoordinateActuator>

		<CoordinateActuator name="knee_angle_r_reserve">
			<coordinate> knee_angle_r </coordinate>
			<optimal_force> 10 </optimal_force>
		</CoordinateActuator>

		<CoordinateActuator name="ankle_angle_r_reserve">
			<coordinate> ankle_angle_r </coordinate>
			<optimal_force> 50 </optimal_force>
		</CoordinateActuator>
		
		<CoordinateActuator name="subtalar_angle_r_reserve">
			<coordinate> subtalar_angle_r </coordinate>
			<optimal_force> 1000 </optimal_force>
		</CoordinateActuator>

 		<CoordinateActuator name="mtp_angle_r_reserve">
			<coordinate> mtp_angle_r </coordinate>
			<optimal_force> 1000</optimal_force>
		</CoordinateActuator>
		
		
		

		<CoordinateActuator name="hip_flexion_l_reserve">
			<coordinate> hip_flexion_l </coordinate>
			<optimal_force> 50 </optimal_force>
		</CoordinateActuator>

		<CoordinateActuator name="hip_adduction_l_reserve">
			<coordinate> hip_adduction_l </coordinate>
			<optimal_force> 20 </optimal_force>
		</CoordinateActuator>

		<CoordinateActuator name="hip_rotation_l_reserve">
			<coordinate> hip_rotation_l </coordinate>
			<optimal_force> 20 </optimal_force>
		</CoordinateActuator>

		<CoordinateActuator name="knee_angle_l_reserve">
			<coordinate> knee_angle_l </coordinate>
			<optimal_force> 20 </optimal_force>
		</CoordinateActuator>

		<CoordinateActuator name="ankle_angle_l_reserve">
			<coordinate> ankle_angle_l </coordinate>
			<optimal_force> 50 </optimal_force>
		</CoordinateActuator>

		<CoordinateActuator name="subtalar_angle_l_reserve">
			<coordinate> subtalar_angle_l </coordinate>
			<optimal_force> 1000 </optimal_force>
		</CoordinateActuator>

		<CoordinateActuator name="mtp_angle_l_reserve">
			<coordinate> mtp_angle_l </coordinate>
			<optimal_force> 1000 </optimal_force>
		</CoordinateActuator>
		
		
		
		
		<CoordinateActuator name="lumbar_extension_reserve">
			<coordinate> lumbar_extension </coordinate>
			<optimal_force> 1000 </optimal_force>
		</CoordinateActuator>

		<CoordinateActuator name="lumbar_bending_reserve">
			<coordinate> lumbar_bending </coordinate>
			<optimal_force> 1000 </optimal_force>
		</CoordinateActuator>

		<CoordinateActuator name="lumbar_rotation_reserve">
			<coordinate> lumbar_rotation </coordinate>
			<optimal_force> 1000 </optimal_force>
		</CoordinateActuator>
		
		
		
	
	</objects>

</ActuatorSet>

