<?xml version="1.0" encoding="UTF-8" ?>
<OpenSimDocument Version="40000">
	<MarkerSet name="markerset">
		<objects>
			<Marker name="XIPH">
				<!--Path to a Component that satisfies the Socket 'parent_frame' of type PhysicalFrame (description: The frame to which this station is fixed.).-->
				<socket_parent_frame>/bodyset/torso</socket_parent_frame>
				<!--The fixed location of the station expressed in its parent frame.-->
				<location>0.098828213978098545 0.22905670918337229 0</location>
				<!--Flag (true or false) specifying whether the marker is fixed in its parent frame during the marker placement step of scaling.  If false, the marker is free to move within its parent Frame to match its experimental counterpart.-->
				<fixed>false</fixed>
			</Marker>
			<Marker name="JN">
				<!--Path to a Component that satisfies the Socket 'parent_frame' of type PhysicalFrame (description: The frame to which this station is fixed.).-->
				<socket_parent_frame>/bodyset/torso</socket_parent_frame>
				<!--The fixed location of the station expressed in its parent frame.-->
				<location>0.042638233187395617 0.37911748524299971 0.0047801599549658815</location>
				<!--Flag (true or false) specifying whether the marker is fixed in its parent frame during the marker placement step of scaling.  If false, the marker is free to move within its parent Frame to match its experimental counterpart.-->
				<fixed>false</fixed>
			</Marker>
			<Marker name="T10">
				<!--Path to a Component that satisfies the Socket 'parent_frame' of type PhysicalFrame (description: The frame to which this station is fixed.).-->
				<socket_parent_frame>/bodyset/torso</socket_parent_frame>
				<!--The fixed location of the station expressed in its parent frame.-->
				<location>-0.086586527344966663 0.17453292373517115 0.0027784272044312848</location>
				<!--Flag (true or false) specifying whether the marker is fixed in its parent frame during the marker placement step of scaling.  If false, the marker is free to move within its parent Frame to match its experimental counterpart.-->
				<fixed>false</fixed>
			</Marker>
			<Marker name="C7">
				<!--Path to a Component that satisfies the Socket 'parent_frame' of type PhysicalFrame (description: The frame to which this station is fixed.).-->
				<socket_parent_frame>/bodyset/torso</socket_parent_frame>
				<!--The fixed location of the station expressed in its parent frame.-->
				<location>-0.080223744619400239 0.41271046044913895 0</location>
				<!--Flag (true or false) specifying whether the marker is fixed in its parent frame during the marker placement step of scaling.  If false, the marker is free to move within its parent Frame to match its experimental counterpart.-->
				<fixed>false</fixed>
			</Marker>
			<Marker name="RASIS">
				<!--Path to a Component that satisfies the Socket 'parent_frame' of type PhysicalFrame (description: The frame to which this station is fixed.).-->
				<socket_parent_frame>/bodyset/pelvis</socket_parent_frame>
				<!--The fixed location of the station expressed in its parent frame.-->
				<location>0.02 0.029999999999999999 0.128</location>
				<!--Flag (true or false) specifying whether the marker is fixed in its parent frame during the marker placement step of scaling.  If false, the marker is free to move within its parent Frame to match its experimental counterpart.-->
				<fixed>false</fixed>
			</Marker>
			<Marker name="LASIS">
				<!--Path to a Component that satisfies the Socket 'parent_frame' of type PhysicalFrame (description: The frame to which this station is fixed.).-->
				<socket_parent_frame>/bodyset/pelvis</socket_parent_frame>
				<!--The fixed location of the station expressed in its parent frame.-->
				<location>0.02 0.029999999999999999 -0.128</location>
				<!--Flag (true or false) specifying whether the marker is fixed in its parent frame during the marker placement step of scaling.  If false, the marker is free to move within its parent Frame to match its experimental counterpart.-->
				<fixed>false</fixed>
			</Marker>
			<Marker name="RPSIS">
				<!--Path to a Component that satisfies the Socket 'parent_frame' of type PhysicalFrame (description: The frame to which this station is fixed.).-->
				<socket_parent_frame>/bodyset/pelvis</socket_parent_frame>
				<!--The fixed location of the station expressed in its parent frame.-->
				<location>-0.15022869779417874 0.040000000000000001 0.056406491671808195</location>
				<!--Flag (true or false) specifying whether the marker is fixed in its parent frame during the marker placement step of scaling.  If false, the marker is free to move within its parent Frame to match its experimental counterpart.-->
				<fixed>false</fixed>
			</Marker>
			<Marker name="RLTHI">
				<!--Path to a Component that satisfies the Socket 'parent_frame' of type PhysicalFrame (description: The frame to which this station is fixed.).-->
				<socket_parent_frame>/bodyset/femur_r</socket_parent_frame>
				<!--The fixed location of the station expressed in its parent frame.-->
				<location>0.017999999999999999 -0.20000000000000001 0.064000000000000001</location>
				<!--Flag (true or false) specifying whether the marker is fixed in its parent frame during the marker placement step of scaling.  If false, the marker is free to move within its parent Frame to match its experimental counterpart.-->
				<fixed>false</fixed>
			</Marker>
			<Marker name="RLEK">
				<!--Path to a Component that satisfies the Socket 'parent_frame' of type PhysicalFrame (description: The frame to which this station is fixed.).-->
				<socket_parent_frame>/bodyset/femur_r</socket_parent_frame>
				<!--The fixed location of the station expressed in its parent frame.-->
				<location>0 -0.40400000000000003 0.050000000000000003</location>
				<!--Flag (true or false) specifying whether the marker is fixed in its parent frame during the marker placement step of scaling.  If false, the marker is free to move within its parent Frame to match its experimental counterpart.-->
				<fixed>false</fixed>
			</Marker>
			<Marker name="RMEK">
				<!--Path to a Component that satisfies the Socket 'parent_frame' of type PhysicalFrame (description: The frame to which this station is fixed.).-->
				<socket_parent_frame>/bodyset/femur_r</socket_parent_frame>
				<!--The fixed location of the station expressed in its parent frame.-->
				<location>0 -0.40400000000000003 -0.050000000000000003</location>
				<!--Flag (true or false) specifying whether the marker is fixed in its parent frame during the marker placement step of scaling.  If false, the marker is free to move within its parent Frame to match its experimental counterpart.-->
				<fixed>false</fixed>
			</Marker>
			<Marker name="RLSHA">
				<!--Path to a Component that satisfies the Socket 'parent_frame' of type PhysicalFrame (description: The frame to which this station is fixed.).-->
				<socket_parent_frame>/bodyset/tibia_r</socket_parent_frame>
				<!--The fixed location of the station expressed in its parent frame.-->
				<location>0.0050000000000000001 -0.25 0.050000000000000003</location>
				<!--Flag (true or false) specifying whether the marker is fixed in its parent frame during the marker placement step of scaling.  If false, the marker is free to move within its parent Frame to match its experimental counterpart.-->
				<fixed>false</fixed>
			</Marker>
			<Marker name="RLM">
				<!--Path to a Component that satisfies the Socket 'parent_frame' of type PhysicalFrame (description: The frame to which this station is fixed.).-->
				<socket_parent_frame>/bodyset/tibia_r</socket_parent_frame>
				<!--The fixed location of the station expressed in its parent frame.-->
				<location>-0.0050000000000000001 -0.40999999999999998 0.052999999999999999</location>
				<!--Flag (true or false) specifying whether the marker is fixed in its parent frame during the marker placement step of scaling.  If false, the marker is free to move within its parent Frame to match its experimental counterpart.-->
				<fixed>false</fixed>
			</Marker>
			<Marker name="RMM">
				<!--Path to a Component that satisfies the Socket 'parent_frame' of type PhysicalFrame (description: The frame to which this station is fixed.).-->
				<socket_parent_frame>/bodyset/tibia_r</socket_parent_frame>
				<!--The fixed location of the station expressed in its parent frame.-->
				<location>0.0060000000000000001 -0.38879999999999998 -0.037999999999999999</location>
				<!--Flag (true or false) specifying whether the marker is fixed in its parent frame during the marker placement step of scaling.  If false, the marker is free to move within its parent Frame to match its experimental counterpart.-->
				<fixed>false</fixed>
			</Marker>
			<Marker name="RHEE">
				<!--Path to a Component that satisfies the Socket 'parent_frame' of type PhysicalFrame (description: The frame to which this station is fixed.).-->
				<socket_parent_frame>/bodyset/calcn_r</socket_parent_frame>
				<!--The fixed location of the station expressed in its parent frame.-->
				<location>-0.02 0.02 0</location>
				<!--Flag (true or false) specifying whether the marker is fixed in its parent frame during the marker placement step of scaling.  If false, the marker is free to move within its parent Frame to match its experimental counterpart.-->
				<fixed>false</fixed>
			</Marker>
			<Marker name="RMT5">
				<!--Path to a Component that satisfies the Socket 'parent_frame' of type PhysicalFrame (description: The frame to which this station is fixed.).-->
				<socket_parent_frame>/bodyset/calcn_r</socket_parent_frame>
				<!--The fixed location of the station expressed in its parent frame.-->
				<location>0.14325519683922419 0.012213586033233057 0.042651344520968706</location>
				<!--Flag (true or false) specifying whether the marker is fixed in its parent frame during the marker placement step of scaling.  If false, the marker is free to move within its parent Frame to match its experimental counterpart.-->
				<fixed>false</fixed>
			</Marker>
			<Marker name="RMT2">
				<!--Path to a Component that satisfies the Socket 'parent_frame' of type PhysicalFrame (description: The frame to which this station is fixed.).-->
				<socket_parent_frame>/bodyset/calcn_r</socket_parent_frame>
				<!--The fixed location of the station expressed in its parent frame.-->
				<location>0.19 0.0050000000000000001 0.0026554257294970967</location>
				<!--Flag (true or false) specifying whether the marker is fixed in its parent frame during the marker placement step of scaling.  If false, the marker is free to move within its parent Frame to match its experimental counterpart.-->
				<fixed>false</fixed>
			</Marker>
			<Marker name="LLTHI">
				<!--Path to a Component that satisfies the Socket 'parent_frame' of type PhysicalFrame (description: The frame to which this station is fixed.).-->
				<socket_parent_frame>/bodyset/femur_l</socket_parent_frame>
				<!--The fixed location of the station expressed in its parent frame.-->
				<location>0.017999999999999999 -0.20000000000000001 -0.064000000000000001</location>
				<!--Flag (true or false) specifying whether the marker is fixed in its parent frame during the marker placement step of scaling.  If false, the marker is free to move within its parent Frame to match its experimental counterpart.-->
				<fixed>false</fixed>
			</Marker>
			<Marker name="LLEK">
				<!--Path to a Component that satisfies the Socket 'parent_frame' of type PhysicalFrame (description: The frame to which this station is fixed.).-->
				<socket_parent_frame>/bodyset/femur_l</socket_parent_frame>
				<!--The fixed location of the station expressed in its parent frame.-->
				<location>0 -0.40400000000000003 -0.050000000000000003</location>
				<!--Flag (true or false) specifying whether the marker is fixed in its parent frame during the marker placement step of scaling.  If false, the marker is free to move within its parent Frame to match its experimental counterpart.-->
				<fixed>false</fixed>
			</Marker>
			<Marker name="LMEK">
				<!--Path to a Component that satisfies the Socket 'parent_frame' of type PhysicalFrame (description: The frame to which this station is fixed.).-->
				<socket_parent_frame>/bodyset/femur_l</socket_parent_frame>
				<!--The fixed location of the station expressed in its parent frame.-->
				<location>0 -0.40400000000000003 0.050000000000000003</location>
				<!--Flag (true or false) specifying whether the marker is fixed in its parent frame during the marker placement step of scaling.  If false, the marker is free to move within its parent Frame to match its experimental counterpart.-->
				<fixed>false</fixed>
			</Marker>
			<Marker name="LLSHA">
				<!--Path to a Component that satisfies the Socket 'parent_frame' of type PhysicalFrame (description: The frame to which this station is fixed.).-->
				<socket_parent_frame>/bodyset/tibia_l</socket_parent_frame>
				<!--The fixed location of the station expressed in its parent frame.-->
				<location>0.0050000000000000001 -0.25 -0.050000000000000003</location>
				<!--Flag (true or false) specifying whether the marker is fixed in its parent frame during the marker placement step of scaling.  If false, the marker is free to move within its parent Frame to match its experimental counterpart.-->
				<fixed>false</fixed>
			</Marker>
			<Marker name="LLM">
				<!--Path to a Component that satisfies the Socket 'parent_frame' of type PhysicalFrame (description: The frame to which this station is fixed.).-->
				<socket_parent_frame>/bodyset/tibia_l</socket_parent_frame>
				<!--The fixed location of the station expressed in its parent frame.-->
				<location>-0.0050000000000000001 -0.40999999999999998 -0.052999999999999999</location>
				<!--Flag (true or false) specifying whether the marker is fixed in its parent frame during the marker placement step of scaling.  If false, the marker is free to move within its parent Frame to match its experimental counterpart.-->
				<fixed>false</fixed>
			</Marker>
			<Marker name="LMM">
				<!--Path to a Component that satisfies the Socket 'parent_frame' of type PhysicalFrame (description: The frame to which this station is fixed.).-->
				<socket_parent_frame>/bodyset/tibia_l</socket_parent_frame>
				<!--The fixed location of the station expressed in its parent frame.-->
				<location>0.0060000000000000001 -0.38879999999999998 0.037999999999999999</location>
				<!--Flag (true or false) specifying whether the marker is fixed in its parent frame during the marker placement step of scaling.  If false, the marker is free to move within its parent Frame to match its experimental counterpart.-->
				<fixed>false</fixed>
			</Marker>
			<Marker name="LHEE">
				<!--Path to a Component that satisfies the Socket 'parent_frame' of type PhysicalFrame (description: The frame to which this station is fixed.).-->
				<socket_parent_frame>/bodyset/calcn_l</socket_parent_frame>
				<!--The fixed location of the station expressed in its parent frame.-->
				<location>-0.02 0.02 0</location>
				<!--Flag (true or false) specifying whether the marker is fixed in its parent frame during the marker placement step of scaling.  If false, the marker is free to move within its parent Frame to match its experimental counterpart.-->
				<fixed>false</fixed>
			</Marker>
			<Marker name="LMT5">
				<!--Path to a Component that satisfies the Socket 'parent_frame' of type PhysicalFrame (description: The frame to which this station is fixed.).-->
				<socket_parent_frame>/bodyset/calcn_l</socket_parent_frame>
				<!--The fixed location of the station expressed in its parent frame.-->
				<location>0.13893039207870109 0.014025532520077554 -0.046790983556090779</location>
				<!--Flag (true or false) specifying whether the marker is fixed in its parent frame during the marker placement step of scaling.  If false, the marker is free to move within its parent Frame to match its experimental counterpart.-->
				<fixed>false</fixed>
			</Marker>
			<Marker name="LMT2">
				<!--Path to a Component that satisfies the Socket 'parent_frame' of type PhysicalFrame (description: The frame to which this station is fixed.).-->
				<socket_parent_frame>/bodyset/calcn_l</socket_parent_frame>
				<!--The fixed location of the station expressed in its parent frame.-->
				<location>0.19 0.011572958940788667 -0.0051645742141604601</location>
				<!--Flag (true or false) specifying whether the marker is fixed in its parent frame during the marker placement step of scaling.  If false, the marker is free to move within its parent Frame to match its experimental counterpart.-->
				<fixed>false</fixed>
			</Marker>
			<Marker name="LPSIS">
				<!--Path to a Component that satisfies the Socket 'parent_frame' of type PhysicalFrame (description: The frame to which this station is fixed.).-->
				<socket_parent_frame>/bodyset/pelvis</socket_parent_frame>
				<!--The fixed location of the station expressed in its parent frame.-->
				<location>-0.150229 0.040000000000000001 -0.056406499999999998</location>
				<!--Flag (true or false) specifying whether the marker is fixed in its parent frame during the marker placement step of scaling.  If false, the marker is free to move within its parent Frame to match its experimental counterpart.-->
				<fixed>false</fixed>
			</Marker>
		</objects>
		<groups />
	</MarkerSet>
</OpenSimDocument>
