<?xml version="1.0" encoding="UTF-8"?>
<!--Body segments are scaled by calculating the average distance between
specified marker pairs.  The ratio between the averaged distance to the
distance in the generic model is then used to scale each specified segment
in the specified axis directions (e.g., X Y Z).-->
<MeasurementSet name="MU2392">
	<objects>
    
		<Measurement name="torso_XYZ">
			<!--Flag to turn on and off scaling for this measurement.-->
			<apply> true </apply>
			<!--Set of marker pairs used to determine the scale factors.-->
			<MarkerPairSet name="">
				<objects>
					<MarkerPair name="">
						<!--Names of two markers, the distance between which is used to compute a
						    body scale factor.-->
						<markers> SACR C7 </markers>
					</MarkerPair>
				</objects>
			</MarkerPairSet>
			<!--Set of bodies to be scaled by this measurement.-->
			<BodyScaleSet name="">
				<objects>
					<BodyScale name="torso">
						<!--Axes (X Y Z) along which to scale a body. For example, 'X Y Z' scales
						    along all three axes, and 'Y' scales just along the Y axis.-->
						<axes> X Y Z </axes>
					</BodyScale>
				</objects>
			</BodyScaleSet>
		</Measurement>
		
		<Measurement name="pelvis_XYZ">
			<!--Flag to turn on and off scaling for this measurement.-->
			<apply> true </apply>
			<!--Set of marker pairs used to determine the scale factors.-->
			<MarkerPairSet>
				<objects>
					<MarkerPair>
						<markers> RASI LASI </markers>
					</MarkerPair>
				</objects>
			</MarkerPairSet>
			<!--Set of bodies to be scaled by this measurement.-->
			<BodyScaleSet>
				<objects>
					<BodyScale name="pelvis">
						<axes> X Y Z </axes>
					</BodyScale>
				</objects>
			</BodyScaleSet>
		</Measurement>
		
		<Measurement name="thigh_XY">
			<!--Flag to turn on and off scaling for this measurement.-->
			<apply> true </apply>
			<!--Set of marker pairs used to determine the scale factors.-->
			<MarkerPairSet>
				<objects>
					<MarkerPair>
						<markers> RASI RLEPI </markers>
					</MarkerPair>
					<MarkerPair>
						<markers> LASI LLEPI </markers>
					</MarkerPair>
				</objects>
			</MarkerPairSet>
			<!--Set of bodies to be scaled by this measurement.-->
			<BodyScaleSet>
				<objects>
					<BodyScale name="femur_r">
						<axes> X Y </axes>
					</BodyScale>
					<BodyScale name="femur_l">
						<axes> X Y </axes>
					</BodyScale>
					<BodyScale name="patella_r">
						<axes> X Y </axes>
					</BodyScale>
					<BodyScale name="patella_l">
						<axes> X Y </axes>
					</BodyScale>
				</objects>
			</BodyScaleSet>
		</Measurement>
		
		<Measurement name="shank_XY">
			<!--Flag to turn on and off scaling for this measurement.-->
			<apply> true </apply>
			<!--Set of marker pairs used to determine the scale factors.-->
			<MarkerPairSet>
				<objects>
					<MarkerPair>
						<markers> RLEPI RLMAL </markers>
					</MarkerPair>
					<MarkerPair>
						<markers> LLEPI LLMAL </markers>
					</MarkerPair>
				</objects>
			</MarkerPairSet>
			<!--Set of bodies to be scaled by this measurement.-->
			<BodyScaleSet>
				<objects>
					<BodyScale name="tibia_r">
						<axes> X Y </axes>
					</BodyScale>
					<BodyScale name="tibia_l">
						<axes> X Y </axes>
					</BodyScale>
					<BodyScale name="talus_r">
						<axes> X Y </axes>
					</BodyScale>
					<BodyScale name="talus_l">
						<axes> X Y </axes>
					</BodyScale>
				</objects>
			</BodyScaleSet>
		</Measurement>

    <Measurement name="thigh_Z">
      <!--Flag to turn on and off scaling for this measurement.-->
      <apply> true </apply>
      <!--Set of marker pairs used to determine the scale factors.-->
      <MarkerPairSet>
        <objects>
          <MarkerPair>
            <markers> RMEPI RLEPI </markers>
          </MarkerPair>
          <MarkerPair>
            <markers> LMEPI LLEPI </markers>
          </MarkerPair>
        </objects>
      </MarkerPairSet>
      <!--Set of bodies to be scaled by this measurement.-->
      <BodyScaleSet>
        <objects>
          <BodyScale name="femur_r">
            <axes> Z </axes>
          </BodyScale>
          <BodyScale name="femur_l">
            <axes> Z </axes>
          </BodyScale>
          <BodyScale name="patella_r">
            <axes> Z </axes>
          </BodyScale>
          <BodyScale name="patella_l">
            <axes> Z </axes>
          </BodyScale>
        </objects>
      </BodyScaleSet>
    </Measurement>

    <Measurement name="shank_Z">
      <!--Flag to turn on and off scaling for this measurement.-->
      <apply> true </apply>
      <!--Set of marker pairs used to determine the scale factors.-->
      <MarkerPairSet>
        <objects>
          <MarkerPair>
            <markers> RMMAL RLMAL </markers>
          </MarkerPair>
          <MarkerPair>
            <markers> LMMAL LLMAL </markers>
          </MarkerPair>
        </objects>
      </MarkerPairSet>
      <!--Set of bodies to be scaled by this measurement.-->
      <BodyScaleSet>
        <objects>
          <BodyScale name="tibia_r">
            <axes> Z </axes>
          </BodyScale>
          <BodyScale name="tibia_l">
            <axes> Z </axes>
          </BodyScale>
          <BodyScale name="talus_r">
            <axes> Z </axes>
          </BodyScale>
          <BodyScale name="talus_l">
            <axes> Z </axes>
          </BodyScale>
        </objects>
      </BodyScaleSet>
    </Measurement>
		
		<Measurement name="foot_XY">
			<!--Flag to turn on and off scaling for this measurement.-->
			<apply> true </apply>
			<!--Set of marker pairs used to determine the scale factors.-->
			<MarkerPairSet>
				<objects>
					<MarkerPair>
						<markers> RHEEL RTOE </markers>
					</MarkerPair>
					<MarkerPair>
						<markers> LHEEL LTOE </markers>
					</MarkerPair>
				</objects>
			</MarkerPairSet>
			<!--Set of bodies to be scaled by this measurement.-->
			<BodyScaleSet>
				<objects>
					<BodyScale name="calcn_r">
						<axes> X Y </axes>
					</BodyScale>
					<BodyScale name="calcn_l">
						<axes> X Y </axes>
					</BodyScale>
					<BodyScale name="toes_r">
						<axes> X Y </axes>
					</BodyScale>
					<BodyScale name="toes_l">
						<axes> X Y </axes>
					</BodyScale>
				</objects>
			</BodyScaleSet>
		</Measurement>

    <Measurement name="foot_Z">
      <!--Flag to turn on and off scaling for this measurement.-->
      <apply> true </apply>
      <!--Set of marker pairs used to determine the scale factors.-->
      <MarkerPairSet>
        <objects>
          <MarkerPair>
            <markers> RP1MT RP5MT </markers>
          </MarkerPair>
          <MarkerPair>
            <markers> LP1MT LP5MT </markers>
          </MarkerPair>
        </objects>
      </MarkerPairSet>
      <!--Set of bodies to be scaled by this measurement.-->
      <BodyScaleSet>
        <objects>
          <BodyScale name="calcn_r">
            <axes> Z </axes>
          </BodyScale>
          <BodyScale name="calcn_l">
            <axes> Z </axes>
          </BodyScale>
          <BodyScale name="toes_r">
            <axes> Z </axes>
          </BodyScale>
          <BodyScale name="toes_l">
            <axes> Z </axes>
          </BodyScale>
        </objects>
      </BodyScaleSet>
    </Measurement>
	
	    <Measurement name="humerus">
      <!--Flag to turn on and off scaling for this measurement.-->
      <apply> true </apply>
      <!--Set of marker pairs used to determine the scale factors.-->
      <MarkerPairSet>
        <objects>
          <MarkerPair>
            <markers> RSH RELB </markers>
          </MarkerPair>
          <MarkerPair>
            <markers> LSH LELB </markers>
          </MarkerPair>
        </objects>
      </MarkerPairSet>
      <!--Set of bodies to be scaled by this measurement.-->
      <BodyScaleSet>
        <objects>
          <BodyScale name="humerus_r">
            <axes> X Y Z </axes>
          </BodyScale>
          <BodyScale name="humerus_l">
            <axes> X Y Z </axes>
          </BodyScale>
        </objects>
      </BodyScaleSet>	
    </Measurement>

    <Measurement name="forearm">
      <!--Flag to turn on and off scaling for this measurement.-->
      <apply> true </apply>
      <!--Set of marker pairs used to determine the scale factors.-->
      <MarkerPairSet>
        <objects>
          <MarkerPair>
            <markers> RELB RWR </markers>
          </MarkerPair>
          <MarkerPair>
            <markers> LELB LWR </markers>
          </MarkerPair>
        </objects>
      </MarkerPairSet>
      <!--Set of bodies to be scaled by this measurement.-->
      <BodyScaleSet>
        <objects>
          <BodyScale name="ulna_r">
            <axes> X Y Z </axes>
          </BodyScale>
          <BodyScale name="ulna_l">
            <axes> X Y Z </axes>
          </BodyScale>
		  <BodyScale name="radius_r">
            <axes> X Y Z </axes>
          </BodyScale>
          <BodyScale name="radius_l">
            <axes> X Y Z </axes>
          </BodyScale>
          <BodyScale name="hand_r">
            <axes> X Y Z </axes>
          </BodyScale>
          <BodyScale name="hand_l">
            <axes> X Y Z </axes>
          </BodyScale>		  
        </objects>
      </BodyScaleSet>	
    </Measurement>

  </objects>
</MeasurementSet>
