<?xml version="1.0" encoding="UTF-8"?>
<OpenSimDocument Version="40000">
<IKTaskSet name="MU2392_Arms_Scale">
	<objects>
		<!-- Torso (5 markers) -->
		<IKMarkerTask name="T10"> <apply>true</apply> <weight>.0001</weight> </IKMarkerTask>
		<IKMarkerTask name="XIPH"> <apply>true</apply> <weight>.0001</weight> </IKMarkerTask>
		<IKMarkerTask name="JN"> <apply>true</apply> <weight>.0001</weight> </IKMarkerTask>
		<IKMarkerTask name="C7"> <apply>true</apply> <weight>1</weight> </IKMarkerTask>
		

		<!-- Pelvis (3 markers) -->
		<IKMarkerTask name="RASIS"> <apply>true</apply> <weight>10</weight> </IKMarkerTask>
		<IKMarkerTask name="LASIS"> <apply>true</apply> <weight>10</weight> </IKMarkerTask>
		 <IKMarkerTask name="RPSIS"> <apply>true</apply> <weight>10</weight> </IKMarkerTask>   
		 <IKMarkerTask name="LPSIS"> <apply>true</apply> <weight>10</weight> </IKMarkerTask>   
	

		<!-- Right femur (6 markers) -->
	 <IKMarkerTask name="RLTHI"> <apply>true</apply> <weight>.0001</weight> </IKMarkerTask>
		<IKMarkerTask name="RLEK"> <apply>true</apply> <weight>.0001</weight> </IKMarkerTask>
		<IKMarkerTask name="RMEK"> <apply>true</apply> <weight>.0001</weight> </IKMarkerTask>
		

		<!-- Right tibia (5 markers) -->
<IKMarkerTask name="RLSHA"> <apply>true</apply> <weight>.0001</weight> </IKMarkerTask>
		<IKMarkerTask name="RLM"> <apply>true</apply> <weight>10</weight> </IKMarkerTask>
		<IKMarkerTask name="RMM"> <apply>true</apply> <weight>10</weight> </IKMarkerTask> 
		

		<!-- Right foot (6 markers) -->
		<IKMarkerTask name="RHEE"> <apply>true</apply> <weight>10</weight> </IKMarkerTask>
		 <IKMarkerTask name="RMT5"> <apply>true</apply> <weight>5</weight> </IKMarkerTask>
		<IKMarkerTask name="RMT2"> <apply>true</apply> <weight>5</weight> </IKMarkerTask>
		<!-- <IKMarkerTask name="RP1MT"> <weight>5</weight> </IKMarkerTask>
		<IKMarkerTask name="RP5MT"> <weight>5</weight> </IKMarkerTask> 
		<IKMarkerTask name="RTOE"> <weight>10</weight> </IKMarkerTask>  -->

		<!-- Left femur  (6 markers) -->
		<IKMarkerTask name="LLTHI"> <apply>true</apply> <weight>.0001</weight> </IKMarkerTask>
		<IKMarkerTask name="LLEK"> <apply>true</apply> <weight>1</weight> </IKMarkerTask>
		<IKMarkerTask name="LMEK"> <apply>true</apply> <weight>1</weight> </IKMarkerTask>

		<!-- Left tibia (5 markers) -->
		<IKMarkerTask name="LLSHA"> <apply>true</apply> <weight>.0001</weight> </IKMarkerTask>
		<IKMarkerTask name="LLM"> <apply>true</apply> <weight>10</weight> </IKMarkerTask>
		<IKMarkerTask name="LMM"> <apply>true</apply> <weight>10</weight> </IKMarkerTask> 

		<!-- Left foot (6 markers) -->
		<IKMarkerTask name="LHEE"> <apply>true</apply> <weight>10</weight> </IKMarkerTask>
		 <IKMarkerTask name="LMT5"> <apply>true</apply> <weight>5</weight> </IKMarkerTask>
		<IKMarkerTask name="LMT2"> <apply>true</apply> <weight>5</weight> </IKMarkerTask>
		<!--<IKMarkerTask name="LP1MT"> <weight>1</weight> </IKMarkerTask>
		<IKMarkerTask name="LP5MT"> <weight>1</weight> </IKMarkerTask> 
		<IKMarkerTask name="LTOE"> <weight>10</weight> </IKMarkerTask> -->

				

		<IKCoordinateTask name="subtalar_angle_r">
      <apply> false </apply>
			<weight>    1000.00000000 </weight>
			<value_type> default_value </value_type>
		</IKCoordinateTask>
		<IKCoordinateTask name="mtp_angle_r">
      <apply> false </apply>
			<weight>    1000.00000000 </weight>
			<value_type> default_value </value_type>
		</IKCoordinateTask>
		<IKCoordinateTask name="subtalar_angle_l">
      <apply> false </apply>
			<weight>    1000.00000000 </weight>
			<value_type> default_value </value_type>
		</IKCoordinateTask>
		<IKCoordinateTask name="mtp_angle_l">
      <apply> false </apply>
			<weight>    1000.00000000 </weight>
			<value_type> default_value </value_type>
		</IKCoordinateTask>
		<!-- Helps keep static pose solution from having back bent too much -->
		<IKCoordinateTask name="lumbar_extension">
      <apply> false </apply>
			<weight>10.0</weight> 
			<value_type> manual_value </value_type>
			<value>0</value>
		</IKCoordinateTask>
    <IKCoordinateTask name="pelvis_tilt">
      <weight>1000.0</weight>
      <apply> false </apply>
      <value_type> manual_value </value_type>
      <value>0</value>
    </IKCoordinateTask>
	</objects>
</IKTaskSet>
</OpenSimDocument>