<?xml version="1.0" encoding="UTF-8"?>
<MarkerSet name="MU2392_Scale">
  <!--Marker set used Tim Dorn Lower + Arms-->
  <!--File created by Tim Dorn-->
	<objects>
    
    
	<!-- TORSO -->
    <!-- Right Shoulder -->
		<Marker name="RSH">
      <!--Location of a marker on the body segment.-->
			<location> -0.02 0.42 0.19 </location>
      <!--Flag (true or false) specifying whether or not a marker should be kept
			    fixed in the marker placement step.  i.e. If false, the marker is
			    allowed to move.-->
			<fixed> false </fixed>
      <!--Body segment in the model on which the marker resides.-->
			<body> torso </body>
		</Marker>
    <!-- Left Shoulder -->
		<Marker name="LSH">
			<location> -0.02 0.42 -0.19 </location>
			<fixed> false </fixed>
			<body> torso </body>
		</Marker>
    <!-- 7th Cervical Vertebra -->
		<Marker name="C7">
			<location> -0.07 0.45 0 </location>
			<fixed> false </fixed>
			<body> torso </body>
		</Marker>
	<!-- 7th Thoracic vertebrae -->
		<!-- <Marker name="T7">
			<location> -0.105 0.209 0 </location>
			<fixed> false </fixed>
			<body> torso </body>
		</Marker> -->
	<!-- MAN -->
		<Marker name="MAN">
			<location> 0.1 0.38 0 </location>
			<fixed> false </fixed>
			<body> torso </body>
		</Marker>
		
    
	<!-- PELVIS -->
    <!-- Right ASIS -->
		<Marker name="RASI">
			<location> 0.02 0.033 0.128 </location>
			<fixed> false </fixed>
			<body> pelvis </body>
		</Marker>
    <!-- Left ASIS -->
		<Marker name="LASI">
			<location> 0.02 0.033 -0.128 </location>
			<fixed> false </fixed>
			<body> pelvis </body>
		</Marker>
    <!-- Sacrum -->
		<Marker name="SACR">
			<location> -0.16 0.081 0.0 </location>
			<fixed> false </fixed>
			<body> pelvis </body>
		</Marker>

    
	<!-- RIGHT THIGH -->
    <!-- Right Proximal Anterior Thigh Marker-->
		<Marker name="RTHAP">
			<location> 0.10149 -0.21604 0.01436 </location>
			<fixed> false </fixed>
			<body> femur_r </body>
		</Marker>
    <!-- Right Distal Anterior Thigh Marker-->
		<Marker name="RTHAD">
			<location> 0.08392 -0.31844 0.00232 </location>
			<fixed> false </fixed>
			<body> femur_r </body>
		</Marker>
    <!-- Right Distal Lateral Thigh Marker-->
		<Marker name="RTHLD">
			<location> -0.02135 -0.29626 0.06875 </location>
			<fixed> false </fixed>
			<body> femur_r </body>
		</Marker>
    <!-- Right Proximal Lateral Thigh Marker-->
		<Marker name="RTHLP">
			<location> -0.02138 -0.18759 0.08033 </location>
			<fixed> false </fixed>
			<body> femur_r </body>
		</Marker>		
    <!-- Right Lateral Knee Epicondyle -->
		<Marker name="RLEPI">
			<location> 0.0 -0.404 0.05 </location>
			<fixed> false </fixed>
			<body> femur_r </body>
		</Marker>
    <!-- Right Medial Knee Epicondyle -->
		<Marker name="RMEPI">
			<location> 0.0 -0.415 -0.05 </location>
			<fixed> false </fixed>
			<body> femur_r </body>
		</Marker>

    
	<!-- RIGHT SHANK -->
    <!-- Right Proximal Anterior Tibial Marker-->
		<Marker name="RTIAP">
			<location> 0.01868 -0.155 -0.02126 </location>
			<fixed> false </fixed>
			<body> tibia_r </body>
		</Marker>
    <!-- Right Distal Anterior Tibial Marker-->
		<Marker name="RTIAD">
			<location> 0.01746 -0.265 -0.02271 </location>
			<fixed> false </fixed>
			<body> tibia_r </body>
		</Marker>
	<!-- Right Lateral Tibial Marker-->
		<Marker name="RTILAT">
			<location> -0.01244 -0.21523 0.077 </location>
			<fixed> false </fixed>
			<body> tibia_r </body>
		</Marker>
    <!-- Right Lateral Ankle Malleolus -->
		<Marker name="RLMAL">
			<location> -0.005 -0.41 0.053 </location>
			<fixed> false </fixed>
			<body> tibia_r </body>
		</Marker>
    <!-- Right Medial Ankle Malleolus -->
		<Marker name="RMMAL">
			<location> 0.00 -0.4 -0.035 </location>
			<fixed> false </fixed>
			<body> tibia_r </body>
		</Marker>
		
    
	<!-- RIGHT FOOT -->
    <!-- Right Heel -->
		<Marker name="RHEEL">
			<location> -0.02 0.02 0.0 </location>
			<fixed> false </fixed>
			<body> calcn_r </body>
		</Marker>
    <!-- Right Medial MidFoot -->
		<Marker name="RMFS">
			<location> 0.143 0.042 -0.022 </location>
			<fixed> false </fixed>
			<body> calcn_r </body>
		</Marker>
    <!-- Right Lateral MidFoot -->
		<Marker name="RMFL">
			<location> 0.11 0.033 0.034 </location>
			<fixed> false </fixed>
			<body> calcn_r </body>
		</Marker>		
    <!-- Right 1st Metatarsal Head (big toe) -->
		<Marker name="RP1MT">
			<location> 0.190 0.005 -0.04 </location>
			<fixed> false </fixed>
			<body> calcn_r </body>
		</Marker>
    <!-- Right 5th Metatarsal Head (small toe) -->
		<Marker name="RP5MT">
			<location> 0.190 0.0 0.065 </location>
			<fixed> false </fixed>
			<body> calcn_r </body>
		</Marker>
    <!-- Right Toes -->
		<Marker name="RTOE">
			<location> 0.0812 0.007 -0.00108 </location>
			<fixed> false </fixed>
			<body> toes_r </body>
		</Marker>

    
	<!-- LEFT THIGH -->
    <!-- Left Proximal Anterior Thigh Marker-->
		<Marker name="LTHAP">
			<location> 0.10149 -0.21604 -0.01436 </location>
			<fixed> false </fixed>
			<body> femur_l </body>
		</Marker>
    <!-- Left Distal Anterior Thigh Marker-->
		<Marker name="LTHAD">
			<location> 0.08392 -0.31844 -0.00232 </location>
			<fixed> false </fixed>
			<body> femur_l </body>
		</Marker>
    <!-- Left Distal Lateral Thigh Marker-->
		<Marker name="LTHLD">
			<location> -0.02135 -0.29626 -0.06875 </location>
			<fixed> false </fixed>
			<body> femur_l </body>
		</Marker>
	<!-- Left Proximal Lateral Thigh Marker-->
		<Marker name="LTHLP">
			<location> -0.02138 -0.18759 -0.08033 </location>
			<fixed> false </fixed>
			<body> femur_l </body>
		</Marker>
    <!-- Left Lateral Knee Epicondyle -->
		<Marker name="LLEPI">
			<location> 0.0 -0.404 -0.05 </location>
			<fixed> false </fixed>
			<body> femur_l </body>
		</Marker>
    <!-- Left Medial Knee Epicondyle -->
		<Marker name="LMEPI">
			<location> 0.0 -0.415 0.05 </location>
			<fixed> false </fixed>
			<body> femur_l </body>
		</Marker>

    
	<!-- LEFT SHANK -->
    <!-- Left Proximal Anterior Tibial Marker-->
		<Marker name="LTIAP">
			<location> 0.01868 -0.155 0.02126 </location>
			<fixed> false </fixed>
			<body> tibia_l </body>
		</Marker>
    <!-- Left Distal Anterior Tibial Marker-->
		<Marker name="LTIAD">
			<location> 0.01746 -0.265 0.02271 </location>
			<fixed> false </fixed>
			<body> tibia_l </body>
		</Marker>
	<!-- Left Lateral Tibial Marker-->
		<Marker name="LTILAT">
			<location> -0.01244 -0.21523 -0.077 </location>
			<fixed> false </fixed>
			<body> tibia_l </body>
		</Marker>		
    <!-- Left Lateral Ankle Malleolus -->
		<Marker name="LLMAL">
			<location> -0.005 -0.41 -0.053 </location>
			<fixed> false </fixed>
			<body> tibia_l </body>
		</Marker>
    <!-- Left Medial Ankle Malleolus -->
		<Marker name="LMMAL">
			<location> 0.00 -0.4 0.035 </location>
			<fixed> false </fixed>
			<body> tibia_l </body>
		</Marker>
		

	<!-- LEFT FOOT -->
    <!-- Left Heel -->
		<Marker name="LHEEL">
			<location> -0.02 0.02 0.0 </location>
			<fixed> false </fixed>
			<body> calcn_l </body>
		</Marker>
    <!-- Left Medial MidFoot -->
		<Marker name="LMFS">
			<location> 0.143 0.042 0.022 </location>
			<fixed> false </fixed>
			<body> calcn_l </body>
		</Marker>
    <!-- Left Lateral MidFoot -->
		<Marker name="LMFL">
			<location> 0.11 0.033 -0.034 </location>
			<fixed> false </fixed>
			<body> calcn_l </body>
		</Marker>			
    <!-- Left 1st Metatarsal Head (big toe) -->
		<Marker name="LP1MT">
			<location> 0.190 0.005 0.04 </location>
			<fixed> false </fixed>
			<body> calcn_l </body>
		</Marker>
    <!-- Left 5th Metatarsal Head (small toe) -->
		<Marker name="LP5MT">
			<location> 0.190 0.0 -0.065 </location>
			<fixed> false </fixed>
			<body> calcn_l </body>
		</Marker>
    <!-- Left Toes -->
		<Marker name="LTOE">
			<location> 0.0812 0.007 0.00108 </location>
			<fixed> false </fixed>
			<body> toes_l </body>
		</Marker>
		
		
		
	<!-- ARMS - ADDED BY TD NOV 2008 -->
	
	<!-- RIGHT ARM -->
    <!-- Right Upper Arm -->
		<Marker name="RARM">
			<location> -0.0126  -0.19   0.038 </location>
			<fixed> false </fixed>
			<body> humerus_r </body>
		</Marker>
    <!-- Right Lateral Elbow Epicondyle -->		
		<Marker name="RELB">
			<location> 0.002  -0.3   0.035 </location>
			<fixed> false </fixed>
			<body> humerus_r </body>
		</Marker>
    <!-- Right Lower Arm -->
		<Marker name="RFOREARM">
			<location> -0.04  -0.123   0.006 </location>
			<fixed> false </fixed>
			<body> radius_r </body>
		</Marker>
    <!-- Right Mid Wrist -->		
		<Marker name="RWR">
			<location> -0.038  -0.246   0.01 </location>
			<fixed> false </fixed>
			<body> radius_r </body>
		</Marker>	
	
	
	
	<!-- LEFT ARM -->
    <!-- Left Upper Arm -->
		<Marker name="LARM">
			<location> -0.0126  -0.19   -0.038 </location>
			<fixed> false </fixed>
			<body> humerus_l </body>
		</Marker>
    <!-- Left Lateral Elbow Epicondyle -->		
		<Marker name="LELB">
			<location> 0.002  -0.3  -0.035 </location>
			<fixed> false </fixed>
			<body> humerus_l </body>
		</Marker>
    <!-- Left Lower Arm -->
		<Marker name="LFOREARM">
			<location> -0.04  -0.123   -0.006 </location>
			<fixed> false </fixed>
			<body> radius_l </body>
		</Marker>
    <!-- Left Mid Wrist -->		
		<Marker name="LWR">
			<location> -0.038  -0.246  -0.01 </location>
			<fixed> false </fixed>
			<body> radius_l </body>
		</Marker>


		
	<!-- FOOT POINT MARKERS -->		
		<Marker name="r_fp_heel1">
			<body> calcn_r </body>
			<location>       0.01084393      -0.00000009       0.03083527 </location>
			<fixed> false </fixed>
		</Marker>
		
		<Marker name="r_fp_heel2">
			<body> calcn_r </body>
			<location>       0.02143770      -0.00000003      -0.04670726 </location>
			<fixed> false </fixed>
		</Marker>
		
		<Marker name="r_fp_mt1">
			<body> calcn_r </body>
			<location>       0.12943339      -0.00000009       0.06784857 </location>
			<fixed> false </fixed>
		</Marker>
		
		<Marker name="r_fp_mt2">
			<body> calcn_r </body>
			<location>       0.16735048      -0.00000006      -0.05427966 </location>
			<fixed> false </fixed>
		</Marker>
		
		<Marker name="r_fp_toe">
			<body> toes_r </body>
			<location>       0.07000000       0.00000000       0.01805000 </location>
			<fixed> false </fixed>
		</Marker>
		
		<Marker name="l_fp_heel1">
			<body> calcn_l </body>
			<location>       0.01084393      -0.00000000      -0.03084000 </location>
			<fixed> false </fixed>
		</Marker>
		
		<Marker name="l_fp_heel2">
			<body> calcn_l </body>
			<location>       0.02143770      -0.00000000       0.04671000 </location>
			<fixed> false </fixed>
		</Marker>
		
		<Marker name="l_fp_mt1">
			<body> calcn_l </body>
			<location>       0.12943339      -0.00000009      -0.06785000 </location>
			<fixed> false </fixed>
		</Marker>
				
		<Marker name="l_fp_mt2">
			<body> calcn_l </body>
			<location>       0.16735048      -0.00000000       0.05428000 </location>
			<fixed> false </fixed>
		</Marker>
		
		<Marker name="l_fp_toe">
			<body> toes_l </body>
			<location>       0.07000000       0.00000000      -0.01805000 </location>
			<fixed> false </fixed>
		</Marker>
		
		
		
	</objects>
</MarkerSet>
