<?xml version="1.0" encoding="UTF-8"?>
<ScaleSet name="gait2392_Scale">
	<objects>
		<Scale name="">
			<scales>   1.14724 1.14724 1.14724 </scales>
			<segment> femur_r </segment>
			<apply> false</apply>
		</Scale>
		<Scale name="">
			<scales>   1.14724 1.14724 1.14724 </scales>
			<segment> femur_l </segment>
			<apply> false </apply>
		</Scale>

		<Scale name="">
			<scales>   0.988523 0.988523 0.988523 </scales>
			<segment> tibia_r </segment>
			<apply> false </apply>
		</Scale>
		<Scale name="">
			<scales>   0.988523 0.988523 0.988523 </scales>
			<segment> tibia_l </segment>
			<apply> false </apply>
		</Scale>
	</objects>
</ScaleSet>
